Mean_X,StdDev_X,Min_X,Max_X,Mean_Y,StdDev_Y,Min_Y,Max_Y,Mean_Z,StdDev_Z,Min_Z,Max_Z,Activity,Subject
-0.211223429138,0.013268513981620877,-0.2624,-0.1707,-0.021111467898,0.010907768425374617,-0.0550375,0.0157,0.116675374624,0.01034890614165603,0.083575,0.149542857,LAYING,1
-0.208309629242,0.020054319268096314,-0.35095,-0.038911111,-0.026022679408,0.011905999697743374,-0.071209091,0.011211111,0.115466150344,0.012339321695548792,0.0600125,0.18025,LAYING,2
-0.222253719764,0.01649118816540291,-0.2905625,-0.1686625,-0.006397344146,0.009477589417143934,-0.034511111,0.024188889,0.11117205949,0.010214539252349705,0.074666667,0.1484375,LAYING,3
-0.00434530262,0.009852300290062765,-0.035466667,0.0363,0.019793181660000003,0.008445575647416182,-0.0133,0.041325,-0.002752128746,0.009534077811767981,-0.0283,0.02888,LAYING,4
-0.00621259572,0.027113294131788607,-0.113225,0.1284,0.016538095646,0.02423626676857104,-0.090025,0.126775,-0.002509787616,0.019655473466653223,-0.10345,0.08415,LAYING,5
-0.0015389757079999997,0.019711614794864413,-0.0785,0.06755,0.015676455238,0.01820375889568549,-0.058966667,0.07015,-0.0024319904120000003,0.01861627330466932,-0.070875,0.07545,LAYING,6
-0.0026524425760000004,0.011625080697245778,-0.03775,0.0343,0.012973992384,0.010194789729176293,-0.0246,0.046533333,-0.001599669188,0.0129538835132193,-0.048275,0.0577,SITTING,1
-0.0037234233379999982,0.12691426863501748,-0.78708,0.8406,-0.007214759999999998,0.13974301867929417,-0.81885,1.14895,0.0007485866640000003,0.09995746793286378,-0.608075,0.99115,SITTING,2
0.0057432999960000015,0.42183010849182156,-3.9524,4.911625,-0.003983233330000001,0.1957015415832287,-1.2585,1.702325,0.009504153332,0.35266377470538085,-3.365175,4.992525,SITTING,3
-0.04241460857199999,1.1172459369884467,-9.938775,4.804325,-0.030885406666,0.9437903799810258,-5.00142,6.6745,-0.04317593427400004,0.8329045414871385,-5.711025,5.935166667,SITTING,4
-0.04137262095199998,0.8314986982941341,-6.93906,5.139166667,0.0073201509580000075,0.7657492457309532,-4.97625,6.093825,-0.005788663342000002,0.352807626939058,-2.2786,2.452133333,SITTING,5
-0.003916300951999999,0.038501506227821974,-0.32265,0.294025,-0.003254219114,0.02296684381450055,-0.149225,0.087975,-0.0022687647560000004,0.03523230417842413,-0.29695,0.304566667,SITTING,6
0.009496559044000005,0.37716170130956145,-1.605325,2.807275,-0.017979708812000002,0.1683644574688738,-1.319325,0.574425,-0.013059059521999998,0.32807471799406657,-1.457,1.735275,STANDING,1
-0.025264909523999998,0.1397589606033757,-0.55415,0.387675,0.0019109861879999996,0.0542847999034425,-0.186275,0.221175,0.03761051690400001,0.08600851307957627,-0.282425,0.2651,STANDING,2
0.014441956188,0.18197245489273822,-0.810025,1.13405,-0.001996991908,0.047440115404958585,-0.323,0.194375,-0.03036000524,0.09727754010830326,-0.456925,0.40312,STANDING,3
-0.010351021895999998,0.1326861500777458,-0.6956,0.817675,0.0015310990539999997,0.04028740428273514,-0.1938,0.175675,0.00253417667,0.15202198568417338,-1.37555,2.16725,STANDING,4
-0.021837903096000002,0.20883158363846457,-0.7356,0.8798,0.006633252389999999,0.07609466293409495,-0.380833333,0.29035,-0.004418839047999999,0.11569457272232808,-0.73328,1.2132,STANDING,5
0.006249396182,0.06727493073656163,-0.253475,0.2273,-0.002221729528,0.03278485229570597,-0.121925,0.128625,-0.013584161906,0.042994722239357304,-0.1596,0.1177,STANDING,6
-0.26452642571400004,4.154577393933378,-10.90465,8.72925,-0.715330594756,4.4879505322937465,-22.13525,12.337975,0.408180741424,5.009013855173503,-23.4099,14.644275,WALKING,1
-0.34869506952400003,4.2170271951316955,-12.3054,11.979475,-0.7499204733340001,4.4673088339259195,-21.930775,7.6317,0.390903788584,4.764005113197316,-21.221075,13.9946,WALKING,2
-0.27137072047000005,4.092203792734462,-10.977225,8.98135,-0.6920399366860001,4.494699140156124,-21.7675,9.669966667,0.387549066918,4.822930071067369,-20.116025,15.561225,WALKING,3
-0.05373721927399998,4.366039137004127,-15.29886,10.735925,-0.39695225643000004,2.279208401833962,-7.9588,3.88905,0.110613860012,3.3914523929234797,-13.704575,11.43686667,WALKING,4
-0.050391059273999984,4.269672099780049,-14.623475,8.01736,-0.34845027905200004,2.364085231106619,-7.3245,5.306,0.03560928378799998,3.3205168427014726,-11.243475,9.75235,WALKING,5
0.005870638094000021,4.190322860028984,-14.55322,7.9225,-0.327829157136,2.204317804365131,-7.12098,4.16225,0.08457298666800002,3.2594298568002067,-12.74255,9.026975,WALKING,6
0.05418967497400001,1.1757628216693439,-2.76685,5.199925,0.07865266351200002,1.914753853856515,-6.103475,3.5152,0.18644672277399996,1.2244958558878092,-5.0035,3.529125,WALKING_DOWNSTAIRS,1
-0.005281019998000012,3.2457072946062326,-9.5518,9.72125,-0.4899708352319999,4.351851224457684,-15.99655,8.24734,0.17585104525200002,3.7360466398721264,-17.008175,14.51374,WALKING_DOWNSTAIRS,2
0.03722950928600001,4.09713960228588,-9.8579,13.53605,-0.5721471109599999,5.015890688285745,-17.01716667,9.466775,0.342225093574,4.467679795209535,-17.06446667,16.274125,WALKING_DOWNSTAIRS,3
0.05382017547599998,2.6645339422145295,-7.04855,7.755575,-0.14401832261,2.8604317117097735,-12.70828571,4.9811,-0.143509609508,2.459860495032676,-11.235525,8.1393,WALKING_DOWNSTAIRS,4
0.17339730357,2.8329979485438104,-10.228925,9.08556,-0.238520655466,2.9631057915350145,-10.1825,5.305375,-0.17575127761399997,2.661855444923851,-10.12705,10.832475,WALKING_DOWNSTAIRS,5
0.12431512618999999,2.8077574956081293,-8.082325,9.817575,-0.198360095242,2.9845052331621624,-11.519725,6.673833333,-0.244742505726,2.342200850775486,-8.2939,7.922633333,WALKING_DOWNSTAIRS,6
-0.10926258253599999,2.7897455250494,-7.468875,7.593075,-0.22324946562200004,3.140193915979239,-12.79412857,7.7914,0.325616450556,1.7352151401751865,-7.0429,6.787575,WALKING_UPSTAIRS,1
-0.565814785716,2.2265015935417525,-9.443375,6.818266667,-0.522029928094,2.6003557633490613,-8.070366667,4.877075,0.181957352852,2.9964203018678592,-9.662475,9.0351,WALKING_UPSTAIRS,2
-0.20604803189999998,2.020338341177984,-4.302525,6.3499,-0.191594279046,1.6752332360297673,-7.054975,2.40185,0.016622891428000032,1.3510750308620483,-9.178825,7.121825,WALKING_UPSTAIRS,3
-0.13243078437000003,2.457577069873375,-6.247966667,8.1054,-0.331095442218,2.112697494991369,-8.660333333,5.269733333,0.035811257621999985,1.680233851810684,-7.652325,6.285375,WALKING_UPSTAIRS,4
0.012608376203999995,2.343218741781761,-7.065,6.531475,-0.306919832382,2.387202370545994,-11.30693333,4.175775,0.22844808547599996,2.487929377792885,-16.53943333,7.896733333,WALKING_UPSTAIRS,5
0.025207572847999994,2.6531175782480894,-9.112533333,7.449075,-0.32828528617799996,2.8785703326455545,-16.95118,6.29715,0.37900335570599997,2.711807904817,-10.682125,8.554625,WALKING_UPSTAIRS,6
